variant,ranks,e2e_max_s
on,16,1.232608
on,32,1.182412
on,64,1.304977
on,128,1.433042
off,16,89.522988
off,32,89.320482
off,64,89.597983
off,128,89.812013
